id;titulo;descricao;pagina_inicial;pagina_final
1;moratorium;Credit Card Account Cheese Louisiana;20931;9241
2;multi-byte program;pixel;2813;31354
3;maroon monitor;Division;37042;37150
4;Buckinghamshire revolutionary;Product software expedite;23048;95064
5;navigating International;index Argentine Peso Re-contextualized;72257;76942
6;fuchsia Oklahoma;Versatile Borders hacking;2389;37617
7;Architect;Industrial;28271;23603
8;24/7 web services back-end;Kip Front-line Fantastic Fresh Tuna;75028;50596
9;revolutionary fuchsia;protocol Missouri Dynamic;17118;97438
10;sensor;application motivating program;82952;35761
